Table 1.6  Changes to census subdivisions in alphabetical order by province and territory (with 8C and 9C) - Ontario,,,,,,,,"From January 2, 2006 to January 1, 2011"
Tableau 1.6  Changements apportés aux subdivisions de recensement en ordre alphabétique par province et territoire (inclus 8C et 9C) - Ontario,,,,,,,,Du 2 janvier 2006 au 1er janvier 2011
Census subdivision,,Type,Change,,SGC code,Population 2006,Remarks,File no.
Subdivision de recensement,,Genre,Changement,,Code CGT,,Remarques,No de dossier
,,,Code,Date,,,,
Adelaide Metcalfe,,TP,9C,02/01/2006,35 39 047,3117,Part lost to - Partie donnée à,350021
,,,,,,,,
,Strathroy-Caradoc,TP,8C,02/01/2006,35 39 015,0,,
,Adelaide Metcalfe,TP,9C,02/01/2006,35 39 047,3117,,
,,,,,,,,
Adelaide Metcalfe,,TP,8,02/01/2006,35 39 047,3150,Part taken from (revision from pop. challenge) - Partie prise de (révision de contestation de population),350022
,,,,,,,,
,Strathroy-Caradoc,TP,9,02/01/2006,35 39 015,33,,
,Adelaide Metcalfe,TP,8,02/01/2006,35 39 047,3117,,
,,,,,,,,
Adelaide Metcalfe,,TP,9,02/01/2006,35 39 047,3135,Part lost to (revision from pop. challenge) - Partie donnée à (révision de contestation de population),350043
,,,,,,,,
,Strathroy-Caradoc,TP,8,02/01/2006,35 39 015,15,,
,Adelaide Metcalfe,TP,9,02/01/2006,35 39 047,3150,,
,,,,,,,,
Adelaide Metcalfe,,TP,2C,02/01/2006,35 39 047,3135,Name correction - Correction du nom - Adelaide-Metcalfe,350059
,,,,,,,,
Adelaide-Metcalfe,,TP,2C,02/01/2006,35 39 047,3135,Previously - Auparavant - Adelaide Metcalfe,350059
,,,,,,,,
"Algoma, Unorganized, North Part",,NO,9C,02/08/2007,35 57 095,5717,Part lost to - Partie donnée à,350025
,,,,,,,,
,Garden River 14,IRI,8C,02/08/2007,35 57 074,0,,
,"Algoma, Unorganized, North Part",NO,9C,02/08/2007,35 57 095,5717,,
,,,,,,,,
"Algoma, Unorganized, North Part",,NO,8C,02/08/2007,35 57 095,5717,Part taken from - Partie prise de,350026
,,,,,,,,
,Garden River 14,IRI,9C,02/08/2007,35 57 074,0,,
,"Algoma, Unorganized, North Part",NO,8C,02/08/2007,35 57 095,5717,,
,,,,,,,,
"Algoma, Unorganized, North Part",,NO,5A,02/01/2010,35 57 095,5717,Complete annexation of - Annexion complète de,350049
,,,,,,,,
,Missanabie 62,IRI,4,02/01/2010,35 57 082,0,,
,"Algoma, Unorganized, North Part",NO,5A,02/01/2010,35 57 095,5717,,
,,,,,,,,
Barrie Island,,TP,4,01/01/2009,35 51 031,47,"Now part of (dissolution) - Maintenant partie de (dissolution) - Gordon/Barrie Island, MU",350037
,,,,,,,,
,,,,,,,,
Big Grassy River 35G,,IRI,9C,02/08/2007,35 59 051,204,Part lost to - Partie donnée à,350028
,,,,,,,,
,Lake of the Woods,TP,8C,02/08/2007,35 59 047,0,,
,Big Grassy River 35G,IRI,9C,02/08/2007,35 59 051,204,,
,,,,,,,,
Big Grassy River 35G,,IRI,9C,02/08/2007,35 59 051,204,Part lost to - Partie donnée à,350029
,,,,,,,,
,Big Island Mainland 93,IRI,8C,02/08/2007,35 59 052,0,,
,Big Grassy River 35G,IRI,9C,02/08/2007,35 59 051,204,,
,,,,,,,,
Big Island Mainland 93,,IRI,9C,02/08/2007,35 59 052,10,Part lost to - Partie donnée à,350028
,,,,,,,,
,Lake of the Woods,TP,8C,02/08/2007,35 59 047,0,,
,Big Island Mainland 93,IRI,9C,02/08/2007,35 59 052,10,,
,,,,,,,,
Big Island Mainland 93,,IRI,8C,02/08/2007,35 59 052,10,Part taken from - Partie prise de,350029
,,,,,,,,
,Big Grassy River 35G,IRI,9C,02/08/2007,35 59 051,0,,
,Big Island Mainland 93,IRI,8C,02/08/2007,35 59 052,10,,
,,,,,,,,
Blue Mountains,,T,2C,02/01/2006,35 42 045,6825,Name correction - Correction du nom - The Blue Mountains,350060
,,,,,,,,
Bonfield,,TP,11,02/01/2006,35 48 027,1981,Population lost to (revision) - Population donnée à (révision),350039
,,,,,,,,
,East Ferris,TP,10,02/01/2006,35 48 034,28,,
,Bonfield,TP,11,02/01/2006,35 48 027,2009,,
,,,,,,,,
Cambridge,,CY,5,01/09/2008,35 30 010,120371,Annexation of part of - Partie annexée de,350023
,,,,,,,,
,North Dumfries,TP,6,01/09/2008,35 30 004,0,,
,Cambridge,CY,5,01/09/2008,35 30 010,120371,,
,,,,,,,,
Casselman,,VL,11,02/01/2006,35 02 044,3275,Population lost to (revision) - Population donnée à (révision),350042
,,,,,,,,
,The Nation / La Nation,M,10,02/01/2006,35 02 025,19,,
,Casselman,VL,11,02/01/2006,35 02 044,3294,,
,,,,,,,,
Cavan Monaghan,,TP,2,23/10/2007,35 15 013,8828,Previously - Auparavant - Cavan-Millbrook-North Monaghan,350016
,,,,,,,,
Cavan Monaghan,,TP,2C,23/10/2007,35 15 013,8828,Name correction - Correction du nom - Cavan-Monaghan,350061
,,,,,,,,
Cavan-Millbrook-North Monaghan,,TP,2,23/10/2007,35 15 013,8828,Name changed to - Nom changé à - Cavan Monaghan,350016
,,,,,,,,
Cavan-Monaghan,,TP,2C,23/10/2007,35 15 013,8828,Previously - Auparavant - Cavan Monaghan,350061
,,,,,,,,
Central Elgin,,MU,9C,02/01/2006,35 34 020,12723,Part lost to - Partie donnée à,350071
,,,,,,,,
,St. Thomas,CY,8C,02/01/2006,35 34 021,0,,
,Central Elgin,MU,9C,02/01/2006,35 34 020,12723,,
,,,,,,,,
Central Elgin,,MU,6,01/01/2011,35 34 020,12723,Part annexed to - Partie annexée à,350072
,,,,,,,,
,St. Thomas,CY,5,01/01/2011,35 34 021,0,,
,Central Elgin,MU,6,01/01/2011,35 34 020,12723,,
,,,,,,,,
Central Elgin,,MU,5,01/01/2011,35 34 020,12723,Annexation of part of - Partie annexée de,350073
,,,,,,,,
,St. Thomas,CY,6,01/01/2011,35 34 021,0,,
,Central Elgin,MU,5,01/01/2011,35 34 020,12723,,
,,,,,,,,
Cobalt,,T,9,02/01/2006,35 54 008,1219,Part lost to (revision from pop. challenge) - Partie donnée à (révision de contestation de population),350012
,,,,,,,,
,Coleman,TP,8,02/01/2006,35 54 001,10,,
,Cobalt,T,9,02/01/2006,35 54 008,1229,,
,,,,,,,,
Cobalt,,T,11,02/01/2006,35 54 008,1214,Population lost to (revision) - Population donnée à (révision),350014
,,,,,,,,
,"Timiskaming, Unorganized, West Part",NO,10,02/01/2006,35 54 094,5,,
,Cobalt,T,11,02/01/2006,35 54 008,1219,,
,,,,,,,,
Cobalt,,T,11,02/01/2006,35 54 008,1214,Population lost to (revision) - Population donnée à (révision),350015
,,,,,,,,
,Latchford,T,10,02/01/2006,35 54 006,0,,
,Cobalt,T,11,02/01/2006,35 54 008,1214,,
,,,,,,,,
Cobalt,,T,10,02/01/2006,35 54 008,1224,Population taken from (revision) - Population prise de (révision),350019
,,,,,,,,
,Coleman,TP,11,02/01/2006,35 54 001,10,,
,Cobalt,T,10,02/01/2006,35 54 008,1214,,
,,,,,,,,
"Cochrane, Unorganized, North Part",,NO,5A,02/01/2010,35 56 092,2447,Complete annexation of - Annexion complète de,350048
,,,,,,,,
,New Post 69,IRI,4,02/01/2010,35 56 104,0,,
,"Cochrane, Unorganized, North Part",NO,5A,02/01/2010,35 56 092,2447,,
,,,,,,,,
Cockburn Island,,TP,5A,02/01/2010,35 51 034,10,Complete annexation of - Annexion complète de,350045
,,,,,,,,
,Zhiibaahaasing 19 (Cockburn Island 19),IRI,4,02/01/2010,35 51 035,0,,
,Cockburn Island,TP,5A,02/01/2010,35 51 034,10,,
,,,,,,,,
Coleman,,TP,8,02/01/2006,35 54 001,436,Part taken from (revision from pop. challenge) - Partie prise de (révision de contestation de population),350011
,,,,,,,,
,Temiskaming Shores,CY,9,02/01/2006,35 54 020,5,,
,Coleman,TP,8,02/01/2006,35 54 001,431,,
,,,,,,,,
Coleman,,TP,8,02/01/2006,35 54 001,446,Part taken from (revision from pop. challenge) - Partie prise de (révision de contestation de population),350012
,,,,,,,,
,Cobalt,T,9,02/01/2006,35 54 008,10,,
,Coleman,TP,8,02/01/2006,35 54 001,436,,
,,,,,,,,
Coleman,,TP,10,02/01/2006,35 54 001,545,Population taken from (revision) - Population prise de (révision),350013
,,,,,,,,
,Latchford,T,11,02/01/2006,35 54 006,56,,
,Temiskaming Shores,CY,11,02/01/2006,35 54 020,43,,
,Coleman,TP,10,02/01/2006,35 54 001,446,,
,,,,,,,,
Coleman,,TP,10,02/01/2006,35 54 001,555,Population taken from (revision) - Population prise de (révision),350017
,,,,,,,,
,Temiskaming Shores,CY,11,02/01/2006,35 54 020,10,,
,Coleman,TP,10,02/01/2006,35 54 001,545,,
,,,,,,,,
Coleman,,TP,11,02/01/2006,35 54 001,550,Population lost to (revision) - Population donnée à (révision),350018
,,,,,,,,
,Temiskaming Shores,CY,10,02/01/2006,35 54 020,5,,
,Coleman,TP,11,02/01/2006,35 54 001,555,,
,,,,,,,,
Coleman,,TP,11,02/01/2006,35 54 001,540,Population lost to (revision) - Population donnée à (révision),350019
,,,,,,,,
,Cobalt,T,10,02/01/2006,35 54 008,10,,
,Coleman,TP,11,02/01/2006,35 54 001,550,,
,,,,,,,,
Drummond/North Elmsley,,TP,6,01/01/2010,35 09 010,7118,Part annexed to - Partie annexée à,350055
,,,,,,,,
,Perth,T,5,01/01/2010,35 09 021,0,,
,Drummond/North Elmsley,TP,6,01/01/2010,35 09 010,7118,,
,,,,,,,,
East Ferris,,TP,10,02/01/2006,35 48 034,4228,Population taken from (revision) - Population prise de (révision),350039
,,,,,,,,
,Bonfield,TP,11,02/01/2006,35 48 027,28,,
,East Ferris,TP,10,02/01/2006,35 48 034,4200,,
,,,,,,,,
East Zorra-Tavistock,,TP,6,01/07/2006,35 32 038,7008,Part annexed to - Partie annexée à,350001
,,,,,,,,
,Woodstock,CY,5,01/07/2006,35 32 042,342,,
,East Zorra-Tavistock,TP,6,01/07/2006,35 32 038,7350,,
,,,,,,,,
East Zorra-Tavistock,,TP,5,01/01/2009,35 32 038,7008,Annexation of part of - Partie annexée de,350038
,,,,,,,,
,Perth East,TP,6,01/01/2009,35 31 030,0,,
,East Zorra-Tavistock,TP,5,01/01/2009,35 32 038,7008,,
,,,,,,,,
Fort William 52,,IRI,9,02/08/2007,35 58 003,889,Part lost to (revision from pop. challenge) - Partie donnée à (révision de contestation de population),350035
,,,,,,,,
,Thunder Bay,CY,8,02/08/2007,35 58 004,20,,
,Fort William 52,IRI,9,02/08/2007,35 58 003,909,,
,,,,,,,,
Fort William 52,,IRI,8C,02/08/2007,35 58 003,889,Part taken from - Partie prise de,350036
,,,,,,,,
,Thunder Bay,CY,9C,02/08/2007,35 58 004,0,,
,Fort William 52,IRI,8C,02/08/2007,35 58 003,889,,
,,,,,,,,
Garden River 14,,IRI,8C,02/08/2007,35 57 074,985,Part taken from - Partie prise de,350025
,,,,,,,,
,"Algoma, Unorganized, North Part",NO,9C,02/08/2007,35 57 095,0,,
,Garden River 14,IRI,8C,02/08/2007,35 57 074,985,,
,,,,,,,,
Garden River 14,,IRI,9C,02/08/2007,35 57 074,985,Part lost to - Partie donnée à,350026
,,,,,,,,
,"Algoma, Unorganized, North Part",NO,8C,02/08/2007,35 57 095,0,,
,Garden River 14,IRI,9C,02/08/2007,35 57 074,985,,
,,,,,,,,
Garden River 14,,IRI,9C,02/08/2007,35 57 074,985,Part lost to - Partie donnée à,350027
,,,,,,,,
,"Macdonald, Meredith and Aberdeen Additional",TP,8C,02/08/2007,35 57 051,0,,
,Garden River 14,IRI,9C,02/08/2007,35 57 074,985,,
,,,,,,,,
Gordon,,TP,4,01/01/2009,35 51 024,412,"Now part of (dissolution) - Maintenant partie de (dissolution) - Gordon/Barrie Island, MU",350037
,,,,,,,,
,,,,,,,,
Gordon/Barrie Island,,MU,1,01/01/2009,35 51 027,459,Incorporation from the amalgamation of - Constitution due à une amalgamation de,350037
,,,,,,,,
,Barrie Island,TP,4,01/01/2009,35 51 031,47,,
,Gordon,TP,4,01/01/2009,35 51 024,412,,
,,,,,,,,
Gordon/Barrie Island,,MU,8C,02/01/2006,35 51 027,459,Part taken from - Partie prise de,350069
,,,,,,,,
,Northeastern Manitoulin and the Islands,T,9C,02/01/2006,35 51 017,0,,
,Gordon/Barrie Island,MU,8C,02/01/2006,35 51 027,459,,
,,,,,,,,
Greater Sudbury / Grand Sudbury,,CV,3,02/01/2010,35 53 005,157857,Previously - Auparavant - C,350068
,,,,,,,,
Greenstone,,MU,6,10/04/2008,35 58 075,4886,Part incorporated as - Partie de la constitution de,350041
,,,,,,,,
,Lake Nipigon,IRI,1,10/04/2008,35 58 077,20,,
,Greenstone,MU,6,10/04/2008,35 58 075,4906,,
,,,,,,,,
Hudson,,TP,10,02/01/2006,35 54 021,455,Population taken from (revision) - Population prise de (révision),350040
,,,,,,,,
,Temiskaming Shores,CY,11,02/01/2006,35 54 020,150,,
,Hudson,TP,10,02/01/2006,35 54 021,305,,
,,,,,,,,
"Kenora, Unorganized",,NO,9C,02/01/2006,35 60 090,7041,Part lost to - Partie donnée à,350002
,,,,,,,,
,Machin,TP,8C,02/01/2006,35 60 021,0,,
,"Kenora, Unorganized",NO,9C,02/01/2006,35 60 090,7041,,
,,,,,,,,
"Kenora, Unorganized",,NO,8C,02/01/2006,35 60 090,7041,Part taken from - Partie prise de,350003
,,,,,,,,
,Machin,TP,9C,02/01/2006,35 60 021,0,,
,"Kenora, Unorganized",NO,8C,02/01/2006,35 60 090,7041,,
,,,,,,,,
"Kenora, Unorganized",,NO,8C,02/08/2007,35 60 090,7041,Part taken from - Partie prise de,350030
,,,,,,,,
,Sabaskong Bay 35D,IRI,9C,02/08/2007,35 60 063,0,,
,"Kenora, Unorganized",NO,8C,02/08/2007,35 60 090,7041,,
,,,,,,,,
"Kenora, Unorganized",,NO,9C,02/08/2007,35 60 090,7041,Part lost to - Partie donnée à,350033
,,,,,,,,
,Pikangikum 14,IRI,8C,02/08/2007,35 60 077,0,,
,"Kenora, Unorganized",NO,9C,02/08/2007,35 60 090,7041,,
,,,,,,,,
"Kenora, Unorganized",,NO,8C,02/08/2007,35 60 090,7041,Part taken from - Partie prise de,350034
,,,,,,,,
,Pikangikum 14,IRI,9C,02/08/2007,35 60 077,0,,
,"Kenora, Unorganized",NO,8C,02/08/2007,35 60 090,7041,,
,,,,,,,,
"Kenora, Unorganized",,NO,5A,02/01/2010,35 60 090,7041,Complete annexation of - Annexion complète de,350050
,,,,,,,,
,Lake Of The Woods 31G,IRI,4,02/01/2010,35 60 062,0,,
,"Kenora, Unorganized",NO,5A,02/01/2010,35 60 090,7041,,
,,,,,,,,
"Kenora, Unorganized",,NO,5A,02/01/2010,35 60 090,7041,Complete annexation of - Annexion complète de,350051
,,,,,,,,
,Wunnumin 2,IRI,4,02/01/2010,35 60 072,0,,
,"Kenora, Unorganized",NO,5A,02/01/2010,35 60 090,7041,,
,,,,,,,,
"Kenora, Unorganized",,NO,5A,02/01/2010,35 60 090,7041,Complete annexation of - Annexion complète de,350052
,,,,,,,,
,Wapekeka 1,IRI,4,02/01/2010,35 60 074,0,,
,"Kenora, Unorganized",NO,5A,02/01/2010,35 60 090,7041,,
,,,,,,,,
"Kenora, Unorganized",,NO,5A,02/01/2010,35 60 090,7041,Complete annexation of - Annexion complète de,350053
,,,,,,,,
,Sachigo Lake 2,IRI,4,02/01/2010,35 60 087,0,,
,"Kenora, Unorganized",NO,5A,02/01/2010,35 60 090,7041,,
,,,,,,,,
Killarney,,MU,5A,02/01/2006,35 51 036,459,Complete annexation of - Annexion complète de,350065
,,,,,,,,
,"Manitoulin, Unorganized, Mainland",NO,4,02/01/2006,35 51 091,5,,
,Killarney,MU,5A,02/01/2006,35 51 036,454,,
,,,,,,,,
Killarney,,MU,7C,02/01/2006,35 52 036,459,Previously - Auparavant - 35 51 036,350066
,,,,,,,,
King,,TP,9C,02/01/2006,35 19 049,19487,Part lost to - Partie donnée à,350006
,,,,,,,,
,Newmarket,T,8C,02/01/2006,35 19 048,0,,
,King,TP,9C,02/01/2006,35 19 049,19487,,
,,,,,,,,
Lake Nipigon,,IRI,1,10/04/2008,35 58 077,20,Incorporation from part of - Constitution d'une partie de,350041
,,,,,,,,
,Greenstone,MU,6,10/04/2008,35 58 075,20,,
,,,,,,,,
Lake Of The Woods 31G,,IRI,4,02/01/2010,35 60 062,0,"Now part of (dissolution) - Maintenant partie de (dissolution) - Kenora, Unorganized, NO",350050
,,,,,,,,
,,,,,,,,
Lake of the Woods,,TP,8C,02/08/2007,35 59 047,323,Part taken from - Partie prise de,350028
,,,,,,,,
,Big Grassy River 35G,IRI,9C,02/08/2007,35 59 051,0,,
,Big Island Mainland 93,IRI,9C,02/08/2007,35 59 052,0,,
,Lake of the Woods,TP,8C,02/08/2007,35 59 047,323,,
,,,,,,,,
Latchford,,T,11,02/01/2006,35 54 006,390,Population lost to (revision) - Population donnée à (révision),350013
,,,,,,,,
,Coleman,TP,10,02/01/2006,35 54 001,56,,
,Latchford,T,11,02/01/2006,35 54 006,446,,
,,,,,,,,
Latchford,,T,10,02/01/2006,35 54 006,390,Population taken from (revision) - Population prise de (révision),350015
,,,,,,,,
,Cobalt,T,11,02/01/2006,35 54 008,0,,
,Latchford,T,10,02/01/2006,35 54 006,390,,
,,,,,,,,
"Macdonald, Meredith and Aberdeen Additional",,TP,8C,02/08/2007,35 57 051,1550,Part taken from - Partie prise de,350027
,,,,,,,,
,Garden River 14,IRI,9C,02/08/2007,35 57 074,0,,
,"Macdonald, Meredith and Aberdeen Additional",TP,8C,02/08/2007,35 57 051,1550,,
,,,,,,,,
Machin,,TP,8C,02/01/2006,35 60 021,978,Part taken from - Partie prise de,350002
,,,,,,,,
,"Kenora, Unorganized",NO,9C,02/01/2006,35 60 090,0,,
,Machin,TP,8C,02/01/2006,35 60 021,978,,
,,,,,,,,
Machin,,TP,9C,02/01/2006,35 60 021,978,Part lost to - Partie donnée à,350003
,,,,,,,,
,"Kenora, Unorganized",NO,8C,02/01/2006,35 60 090,0,,
,Machin,TP,9C,02/01/2006,35 60 021,978,,
,,,,,,,,
"Manitoulin, Unorganized, Mainland",,NO,4,02/01/2006,35 51 091,5,"Now part of (dissolution) - Maintenant partie de (dissolution) - Killarney, MU",350065
,,,,,,,,
,,,,,,,,
Michipicoten,,TP,23,05/06/2007,35 57 076,3204,Name and status changed to - Nom et genre changé à - Wawa MU,350058
,,,,,,,,
,,,,,,,,
Midland,,T,9C,02/01/2006,35 43 074,16300,Part lost to - Partie donnée à,350009
,,,,,,,,
,Penetanguishene,T,8C,02/01/2006,35 43 072,0,,
,Midland,T,9C,02/01/2006,35 43 074,16300,,
,,,,,,,,
Midland,,T,8,02/01/2006,35 43 074,16330,Part taken from (revision from pop. challenge) - Partie prise de (révision de contestation de population),350010
,,,,,,,,
,Tiny,TP,9,02/01/2006,35 43 068,30,,
,Midland,T,8,02/01/2006,35 43 074,16300,,
,,,,,,,,
Milton,,T,6,01/01/2010,35 24 009,53889,Part annexed to - Partie annexée à,350057
,,,,,,,,
,Mississauga,CY,5,01/01/2010,35 21 005,50,,
,Milton,T,6,01/01/2010,35 24 009,53939,,
,,,,,,,,
Missanabie 62,,IRI,4,02/01/2010,35 57 082,0,"Now part of (dissolution) - Maintenant partie de (dissolution) - Algoma, Unorganized, North Part, NO",350049
,,,,,,,,
,,,,,,,,
Mississauga,,CY,5,01/01/2010,35 21 005,668599,Annexation of part of - Partie annexée de,350057
,,,,,,,,
,Milton,T,6,01/01/2010,35 24 009,50,,
,Oakville,T,6,01/01/2010,35 24 001,0,,
,Mississauga,CY,5,01/01/2010,35 21 005,668549,,
,,,,,,,,
Montague,,TP,6,01/01/2010,35 09 001,3209,Part annexed to - Partie annexée à,350056
,,,,,,,,
,Smiths Falls,T,5,01/01/2010,35 09 004,386,,
,Montague,TP,6,01/01/2010,35 09 001,3595,,
,,,,,,,,
Mountbatten 76A,,IRI,9C,02/08/2007,35 52 055,0,Part lost to - Partie donnée à,350024
,,,,,,,,
,"Sudbury, Unorganized, North Part",NO,8C,02/08/2007,35 52 093,0,,
,Mountbatten 76A,IRI,9C,02/08/2007,35 52 055,0,,
,,,,,,,,
Mountbatten 76A,,IRI,4,02/01/2010,35 52 055,0,"Now part of (dissolution) - Maintenant partie de (dissolution) - Sudbury, Unorganized, North Part, NO",350047
,,,,,,,,
,,,,,,,,
Naiscoutaing 17A,,IRI,4,02/01/2010,35 49 079,0,"Now part of (dissolution) - Maintenant partie de (dissolution) - Parry Sound, Unorganized, Centre Part, NO",350044
,,,,,,,,
,,,,,,,,
New Post 69,,IRI,4,02/01/2010,35 56 104,0,"Now part of (dissolution) - Maintenant partie de (dissolution) - Cochrane, Unorganized, North Part, NO",350048
,,,,,,,,
,,,,,,,,
Newmarket,,T,8C,02/01/2006,35 19 048,74295,Part taken from - Partie prise de,350006
,,,,,,,,
,King,TP,9C,02/01/2006,35 19 049,0,,
,Newmarket,T,8C,02/01/2006,35 19 048,74295,,
,,,,,,,,
North Dumfries,,TP,6,01/09/2008,35 30 004,9063,Part annexed to - Partie annexée à,350023
,,,,,,,,
,Cambridge,CY,5,01/09/2008,35 30 010,0,,
,North Dumfries,TP,6,01/09/2008,35 30 004,9063,,
,,,,,,,,
North Shore,,TP,2C,02/01/2006,35 57 040,549,Name correction - Correction du nom - The North Shore,350062
,,,,,,,,
Northeastern Manitoulin and the Islands,,T,9C,02/01/2006,35 51 017,2711,Part lost to - Partie donnée à,350069
,,,,,,,,
,Gordon/Barrie Island,MU,8C,02/01/2006,35 51 027,0,,
,Northeastern Manitoulin and the Islands,T,9C,02/01/2006,35 51 017,2711,,
,,,,,,,,
Oakville,,T,6,01/01/2010,35 24 001,165613,Part annexed to - Partie annexée à,350057
,,,,,,,,
,Mississauga,CY,5,01/01/2010,35 21 005,0,,
,Oakville,T,6,01/01/2010,35 24 001,165613,,
,,,,,,,,
Otonabee-South Monaghan,,TP,6,01/01/2008,35 15 005,6812,Part annexed to - Partie annexée à,350074
,,,,,,,,
,Peterborough,CY,5,01/01/2008,35 15 014,122,,
,Otonabee-South Monaghan,TP,6,01/01/2008,35 15 005,6934,,
,,,,,,,,
Ottawa,,CV,3,02/01/2010,35 06 008,812129,Previously - Auparavant - C,350067
,,,,,,,,
"Parry Sound, Unorganized, Centre Part",,NO,5A,02/01/2010,35 49 096,2424,Complete annexation of - Annexion complète de,350044
,,,,,,,,
,Naiscoutaing 17A,IRI,4,02/01/2010,35 49 079,0,,
,"Parry Sound, Unorganized, Centre Part",NO,5A,02/01/2010,35 49 096,2424,,
,,,,,,,,
Penetanguishene,,T,8C,02/01/2006,35 43 072,9354,Part taken from - Partie prise de,350009
,,,,,,,,
,Midland,T,9C,02/01/2006,35 43 074,0,,
,Penetanguishene,T,8C,02/01/2006,35 43 072,9354,,
,,,,,,,,
Perth,,T,5,01/01/2010,35 09 021,5907,Annexation of part of - Partie annexée de,350054
,,,,,,,,
,Tay Valley,TP,6,01/01/2010,35 09 015,0,,
,Perth,T,5,01/01/2010,35 09 021,5907,,
,,,,,,,,
Perth,,T,5,01/01/2010,35 09 021,5907,Annexation of part of - Partie annexée de,350055
,,,,,,,,
,Drummond/North Elmsley,TP,6,01/01/2010,35 09 010,0,,
,Perth,T,5,01/01/2010,35 09 021,5907,,
,,,,,,,,
Perth East,,TP,6,01/01/2007,35 31 030,12001,Part annexed to - Partie annexée à,350005
,,,,,,,,
,Stratford,CY,5,01/01/2007,35 31 011,40,,
,Perth East,TP,6,01/01/2007,35 31 030,12041,,
,,,,,,,,
Perth East,,TP,6,01/01/2009,35 31 030,12001,Part annexed to - Partie annexée à,350038
,,,,,,,,
,East Zorra-Tavistock,TP,5,01/01/2009,35 32 038,0,,
,Perth East,TP,6,01/01/2009,35 31 030,12001,,
,,,,,,,,
Perth East,,TP,6,01/01/2011,35 31 030,11986,Part annexed to - Partie annexée à,350070
,,,,,,,,
,Stratford,CY,5,01/01/2011,35 31 011,15,,
,Perth East,TP,6,01/01/2011,35 31 030,12001,,
,,,,,,,,
Peterborough,,CY,5,01/01/2008,35 15 014,75406,Annexation of part of - Partie annexée de,350074
,,,,,,,,
,Otonabee-South Monaghan,TP,6,01/01/2008,35 15 005,122,,
,Smith-Ennismore-Lakefield,TP,6,01/01/2008,35 15 015,386,,
,Peterborough,CY,5,01/01/2008,35 15 014,74898,,
,,,,,,,,
Pikangikum 14,,IRI,8C,02/08/2007,35 60 077,2100,Part taken from - Partie prise de,350033
,,,,,,,,
,"Kenora, Unorganized",NO,9C,02/08/2007,35 60 090,0,,
,Pikangikum 14,IRI,8C,02/08/2007,35 60 077,2100,,
,,,,,,,,
Pikangikum 14,,IRI,9C,02/08/2007,35 60 077,2100,Part lost to - Partie donnée à,350034
,,,,,,,,
,"Kenora, Unorganized",NO,8C,02/08/2007,35 60 090,0,,
,Pikangikum 14,IRI,9C,02/08/2007,35 60 077,2100,,
,,,,,,,,
Prince Edward,,CY,2C,02/01/2006,35 13 020,25496,Name correction - Correction du nom - Prince Edward County,350063
,,,,,,,,
Prince Edward County,,CY,2C,02/01/2006,35 13 020,25496,Previously - Auparavant - Prince Edward,350063
,,,,,,,,
Richmond Hill,,T,8C,02/01/2001,35 19 038,162704,Part taken from - Partie prise de,350004
,,,,,,,,
,Vaughan,CY,9C,02/01/2001,35 19 028,0,,
,Richmond Hill,T,8C,02/01/2001,35 19 038,162704,,
,,,,,,,,
Sabaskong Bay 35D,,IRI,9C,02/08/2007,35 60 063,390,Part lost to - Partie donnée à,350030
,,,,,,,,
,"Kenora, Unorganized",NO,8C,02/08/2007,35 60 090,0,,
,Sabaskong Bay 35D,IRI,9C,02/08/2007,35 60 063,390,,
,,,,,,,,
Sabaskong Bay 35D,,IRI,9C,02/08/2007,35 60 063,390,Part lost to - Partie donnée à,350031
,,,,,,,,
,Sioux Narrows - Nestor Falls,TP,8C,02/08/2007,35 60 008,0,,
,Sabaskong Bay 35D,IRI,9C,02/08/2007,35 60 063,390,,
,,,,,,,,
Sabaskong Bay 35D,,IRI,8C,02/08/2007,35 60 063,390,Part taken from - Partie prise de,350032
,,,,,,,,
,Sioux Narrows - Nestor Falls,TP,9C,02/08/2007,35 60 008,0,,
,Sabaskong Bay 35D,IRI,8C,02/08/2007,35 60 063,390,,
,,,,,,,,
Sachigo Lake 2,,IRI,4,02/01/2010,35 60 087,0,"Now part of (dissolution) - Maintenant partie de (dissolution) - Kenora, Unorganized, NO",350053
,,,,,,,,
,,,,,,,,
Sioux Narrows - Nestor Falls,,TP,8C,02/08/2007,35 60 008,672,Part taken from - Partie prise de,350031
,,,,,,,,
,Sabaskong Bay 35D,IRI,9C,02/08/2007,35 60 063,0,,
,Sioux Narrows - Nestor Falls,TP,8C,02/08/2007,35 60 008,672,,
,,,,,,,,
Sioux Narrows - Nestor Falls,,TP,9C,02/08/2007,35 60 008,672,Part lost to - Partie donnée à,350032
,,,,,,,,
,Sabaskong Bay 35D,IRI,8C,02/08/2007,35 60 063,0,,
,Sioux Narrows - Nestor Falls,TP,9C,02/08/2007,35 60 008,672,,
,,,,,,,,
Sioux Narrows - Nestor Falls,,TP,2C,02/01/2006,35 60 008,672,Name correction - Correction du nom - Sioux Narrows-Nestor Falls,350064
,,,,,,,,
Sioux Narrows-Nestor Falls,,TP,2C,02/01/2006,35 60 008,672,Previously - Auparavant - Sioux Narrows - Nestor Falls,350064
,,,,,,,,
Smith-Ennismore-Lakefield,,TP,6,01/01/2008,35 15 015,17027,Part annexed to - Partie annexée à,350074
,,,,,,,,
,Peterborough,CY,5,01/01/2008,35 15 014,386,,
,Smith-Ennismore-Lakefield,TP,6,01/01/2008,35 15 015,17413,,
,,,,,,,,
Smiths Falls,,T,5,01/01/2010,35 09 004,9163,Annexation of part of - Partie annexée de,350056
,,,,,,,,
,Montague,TP,6,01/01/2010,35 09 001,386,,
,Smiths Falls,T,5,01/01/2010,35 09 004,8777,,
,,,,,,,,
South-West Oxford,,TP,9C,02/01/2006,35 32 012,7589,Part lost to - Partie donnée à,350008
,,,,,,,,
,Zorra,TP,8C,02/01/2006,35 32 027,0,,
,South-West Oxford,TP,9C,02/01/2006,35 32 012,7589,,
,,,,,,,,
Southgate,,TP,9,02/01/2006,35 42 005,7072,Part lost to (revision from pop. challenge) - Partie donnée à (révision de contestation de population),350007
,,,,,,,,
,West Grey,MU,8,02/01/2006,35 42 004,95,,
,Southgate,TP,9,02/01/2006,35 42 005,7167,,
,,,,,,,,
St. Thomas,,CY,8C,02/01/2006,35 34 021,36110,Part taken from - Partie prise de,350071
,,,,,,,,
,Central Elgin,MU,9C,02/01/2006,35 34 020,0,,
,St. Thomas,CY,8C,02/01/2006,35 34 021,36110,,
,,,,,,,,
St. Thomas,,CY,5,01/01/2011,35 34 021,36110,Annexation of part of - Partie annexée de,350072
,,,,,,,,
,Central Elgin,MU,6,01/01/2011,35 34 020,0,,
,St. Thomas,CY,5,01/01/2011,35 34 021,36110,,
,,,,,,,,
St. Thomas,,CY,6,01/01/2011,35 34 021,36110,Part annexed to - Partie annexée à,350073
,,,,,,,,
,Central Elgin,MU,5,01/01/2011,35 34 020,0,,
,St. Thomas,CY,6,01/01/2011,35 34 021,36110,,
,,,,,,,,
Stratford,,CY,5,01/01/2007,35 31 011,30501,Annexation of part of - Partie annexée de,350005
,,,,,,,,
,Perth East,TP,6,01/01/2007,35 31 030,40,,
,Stratford,CY,5,01/01/2007,35 31 011,30461,,
,,,,,,,,
Stratford,,CY,5,01/01/2011,35 31 011,30516,Annexation of part of - Partie annexée de,350070
,,,,,,,,
,Perth East,TP,6,01/01/2011,35 31 030,15,,
,Stratford,CY,5,01/01/2011,35 31 011,30501,,
,,,,,,,,
Strathroy-Caradoc,,TP,8C,02/01/2006,35 39 015,19977,Part taken from - Partie prise de,350021
,,,,,,,,
,Adelaide Metcalfe,TP,9C,02/01/2006,35 39 047,0,,
,Strathroy-Caradoc,TP,8C,02/01/2006,35 39 015,19977,,
,,,,,,,,
Strathroy-Caradoc,,TP,9,02/01/2006,35 39 015,19944,Part lost to (revision from pop. challenge) - Partie donnée à (révision de contestation de population),350022
,,,,,,,,
,Adelaide Metcalfe,TP,8,02/01/2006,35 39 047,33,,
,Strathroy-Caradoc,TP,9,02/01/2006,35 39 015,19977,,
,,,,,,,,
Strathroy-Caradoc,,TP,8,02/01/2006,35 39 015,19959,Part taken from (revision from pop. challenge) - Partie prise de (révision de contestation de population),350043
,,,,,,,,
,Adelaide Metcalfe,TP,9,02/01/2006,35 39 047,15,,
,Strathroy-Caradoc,TP,8,02/01/2006,35 39 015,19944,,
,,,,,,,,
"Sudbury, Unorganized, North Part",,NO,8C,02/08/2007,35 52 093,2415,Part taken from - Partie prise de,350024
,,,,,,,,
,Mountbatten 76A,IRI,9C,02/08/2007,35 52 055,0,,
,"Sudbury, Unorganized, North Part",NO,8C,02/08/2007,35 52 093,2415,,
,,,,,,,,
"Sudbury, Unorganized, North Part",,NO,5A,02/01/2010,35 52 093,2415,Complete annexation of - Annexion complète de,350046
,,,,,,,,
,Whitefish River (Part) 4,IRI,4,02/01/2010,35 52 017,0,,
,"Sudbury, Unorganized, North Part",NO,5A,02/01/2010,35 52 093,2415,,
,,,,,,,,
"Sudbury, Unorganized, North Part",,NO,5A,02/01/2010,35 52 093,2415,Complete annexation of - Annexion complète de,350047
,,,,,,,,
,Mountbatten 76A,IRI,4,02/01/2010,35 52 055,0,,
,"Sudbury, Unorganized, North Part",NO,5A,02/01/2010,35 52 093,2415,,
,,,,,,,,
Tay Valley,,TP,6,01/01/2010,35 09 015,5634,Part annexed to - Partie annexée à,350054
,,,,,,,,
,Perth,T,5,01/01/2010,35 09 021,0,,
,Tay Valley,TP,6,01/01/2010,35 09 015,5634,,
,,,,,,,,
Temiskaming Shores,,CY,9,02/01/2006,35 54 020,10727,Part lost to (revision from pop. challenge) - Partie donnée à (révision de contestation de population),350011
,,,,,,,,
,Coleman,TP,8,02/01/2006,35 54 001,5,,
,Temiskaming Shores,CY,9,02/01/2006,35 54 020,10732,,
,,,,,,,,
Temiskaming Shores,,CY,11,02/01/2006,35 54 020,10684,Population lost to (revision) - Population donnée à (révision),350013
,,,,,,,,
,Coleman,TP,10,02/01/2006,35 54 001,43,,
,Temiskaming Shores,CY,11,02/01/2006,35 54 020,10727,,
,,,,,,,,
Temiskaming Shores,,CY,11,02/01/2006,35 54 020,10597,Population lost to (revision) - Population donnée à (révision),350014
,,,,,,,,
,"Timiskaming, Unorganized, West Part",NO,10,02/01/2006,35 54 094,87,,
,Temiskaming Shores,CY,11,02/01/2006,35 54 020,10684,,
,,,,,,,,
Temiskaming Shores,,CY,11,02/01/2006,35 54 020,10587,Population lost to (revision) - Population donnée à (révision),350017
,,,,,,,,
,Coleman,TP,10,02/01/2006,35 54 001,10,,
,Temiskaming Shores,CY,11,02/01/2006,35 54 020,10597,,
,,,,,,,,
Temiskaming Shores,,CY,10,02/01/2006,35 54 020,10592,Population taken from (revision) - Population prise de (révision),350018
,,,,,,,,
,Coleman,TP,11,02/01/2006,35 54 001,5,,
,"Timiskaming, Unorganized, West Part",NO,11,02/01/2006,35 54 094,0,,
,Temiskaming Shores,CY,10,02/01/2006,35 54 020,10587,,
,,,,,,,,
Temiskaming Shores,,CY,11,02/01/2006,35 54 020,10592,Population lost to (revision) - Population donnée à (révision),350020
,,,,,,,,
,"Timiskaming, Unorganized, West Part",NO,10,02/01/2006,35 54 094,0,,
,Temiskaming Shores,CY,11,02/01/2006,35 54 020,10592,,
,,,,,,,,
Temiskaming Shores,,CY,11,02/01/2006,35 54 020,10442,Population lost to (revision) - Population donnée à (révision),350040
,,,,,,,,
,Hudson,TP,10,02/01/2006,35 54 021,150,,
,Temiskaming Shores,CY,11,02/01/2006,35 54 020,10592,,
,,,,,,,,
The Blue Mountains,,T,2C,02/01/2006,35 42 045,6825,Previously - Auparavant - Blue Mountains,350060
,,,,,,,,
The Nation / La Nation,,M,10,02/01/2006,35 02 025,10662,Population taken from (revision) - Population prise de (révision),350042
,,,,,,,,
,Casselman,VL,11,02/01/2006,35 02 044,19,,
,The Nation / La Nation,M,10,02/01/2006,35 02 025,10643,,
,,,,,,,,
The North Shore,,TP,2C,02/01/2006,35 57 040,549,Previously - Auparavant - North Shore,350062
,,,,,,,,
Thunder Bay,,CY,8,02/08/2007,35 58 004,109160,Part taken from (revision from pop. challenge) - Partie prise de (révision de contestation de population),350035
,,,,,,,,
,Fort William 52,IRI,9,02/08/2007,35 58 003,20,,
,Thunder Bay,CY,8,02/08/2007,35 58 004,109140,,
,,,,,,,,
Thunder Bay,,CY,9C,02/08/2007,35 58 004,109160,Part lost to - Partie donnée à,350036
,,,,,,,,
,Fort William 52,IRI,8C,02/08/2007,35 58 003,0,,
,Thunder Bay,CY,9C,02/08/2007,35 58 004,109160,,
,,,,,,,,
"Timiskaming, Unorganized, West Part",,NO,10,02/01/2006,35 54 094,3297,Population taken from (revision) - Population prise de (révision),350014
,,,,,,,,
,Cobalt,T,11,02/01/2006,35 54 008,5,,
,Temiskaming Shores,CY,11,02/01/2006,35 54 020,87,,
,"Timiskaming, Unorganized, West Part",NO,10,02/01/2006,35 54 094,3205,,
,,,,,,,,
"Timiskaming, Unorganized, West Part",,NO,11,02/01/2006,35 54 094,3297,Population lost to (revision) - Population donnée à (révision),350018
,,,,,,,,
,Temiskaming Shores,CY,10,02/01/2006,35 54 020,0,,
,"Timiskaming, Unorganized, West Part",NO,11,02/01/2006,35 54 094,3297,,
,,,,,,,,
"Timiskaming, Unorganized, West Part",,NO,10,02/01/2006,35 54 094,3297,Population taken from (revision) - Population prise de (révision),350020
,,,,,,,,
,Temiskaming Shores,CY,11,02/01/2006,35 54 020,0,,
,"Timiskaming, Unorganized, West Part",NO,10,02/01/2006,35 54 094,3297,,
,,,,,,,,
Tiny,,TP,9,02/01/2006,35 43 068,10754,Part lost to (revision from pop. challenge) - Partie donnée à (révision de contestation de population),350010
,,,,,,,,
,Midland,T,8,02/01/2006,35 43 074,30,,
,Tiny,TP,9,02/01/2006,35 43 068,10784,,
,,,,,,,,
Vaughan,,CY,9C,02/01/2001,35 19 028,238866,Part lost to - Partie donnée à,350004
,,,,,,,,
,Richmond Hill,T,8C,02/01/2001,35 19 038,0,,
,Vaughan,CY,9C,02/01/2001,35 19 028,238866,,
,,,,,,,,
Wapekeka 1,,IRI,4,02/01/2010,35 60 074,0,"Now part of (dissolution) - Maintenant partie de (dissolution) - Kenora, Unorganized, NO",350052
,,,,,,,,
,,,,,,,,
Wawa,,MU,23,05/06/2007,35 57 076,3204,Previously - Auparavant - Michipicoten TP,350058
,,,,,,,,
,,,,,,,,
West Grey,,MU,8,02/01/2006,35 42 004,12288,Part taken from (revision from pop. challenge) - Partie prise de (révision de contestation de population),350007
,,,,,,,,
,Southgate,TP,9,02/01/2006,35 42 005,95,,
,West Grey,MU,8,02/01/2006,35 42 004,12193,,
,,,,,,,,
Whitefish River (Part) 4,,IRI,4,02/01/2010,35 52 017,0,"Now part of (dissolution) - Maintenant partie de (dissolution) - Sudbury, Unorganized, North Part, NO",350046
,,,,,,,,
,,,,,,,,
Woodstock,,CY,5,01/07/2006,35 32 042,35822,Annexation of part of - Partie annexée de,350001
,,,,,,,,
,East Zorra-Tavistock,TP,6,01/07/2006,35 32 038,342,,
,Woodstock,CY,5,01/07/2006,35 32 042,35480,,
,,,,,,,,
Wunnumin 2,,IRI,4,02/01/2010,35 60 072,0,"Now part of (dissolution) - Maintenant partie de (dissolution) - Kenora, Unorganized, NO",350051
,,,,,,,,
,,,,,,,,
Zhiibaahaasing 19 (Cockburn Island 19),,IRI,4,02/01/2010,35 51 035,0,"Now part of (dissolution) - Maintenant partie de (dissolution) - Cockburn Island, TP",350045
,,,,,,,,
,,,,,,,,
Zorra,,TP,8C,02/01/2006,35 32 027,8125,Part taken from - Partie prise de,350008
,,,,,,,,
,South-West Oxford,TP,9C,02/01/2006,35 32 012,0,,
,Zorra,TP,8C,02/01/2006,35 32 027,8125,,
,,,,,,,,
